{
  "num_classes": 2,
  "class_names": [
    "good",
    "bad"
  ],
  "binary": {
    "roc": {
      "fpr": [
        0.0,
        0.0,
        0.0,
        0.1111111111111111,
        0.1111111111111111,
        0.2222222222222222,
        0.2222222222222222,
        0.3333333333333333,
        0.3333333333333333,
        0.4444444444444444,
        0.4444444444444444,
        0.5555555555555556,
        0.5555555555555556,
        1.0
      ],
      "tpr": [
        0.0,
        0.03333333333333333,
        0.43333333333333335,
        0.43333333333333335,
        0.7333333333333333,
        0.7333333333333333,
        0.8666666666666667,
        0.8666666666666667,
        0.9,
        0.9,
        0.9333333333333333,
        0.9333333333333333,
        1.0,
        1.0
      ],
      "thresholds": [
        Infinity,
        0.9937295913696289,
        0.8318607211112976,
        0.8177281022071838,
        0.6668546199798584,
        0.6371841430664062,
        0.559966504573822,
        0.5587101578712463,
        0.5573017001152039,
        0.5519387722015381,
        0.5460603833198547,
        0.533769965171814,
        0.5019253492355347,
        0.15370994806289673
      ],
      "auc": 0.874074074074074
    },
    "pr": {
      "precision": [
        0.7692307692307693,
        0.7894736842105263,
        0.8108108108108109,
        0.8333333333333334,
        0.8571428571428571,
        0.8529411764705882,
        0.8484848484848485,
        0.875,
        0.8709677419354839,
        0.9,
        0.896551724137931,
        0.9285714285714286,
        0.9259259259259259,
        0.9230769230769231,
        0.92,
        0.9166666666666666,
        0.9565217391304348,
        0.9545454545454546,
        0.9523809523809523,
        0.95,
        0.9473684210526315,
        0.9444444444444444,
        0.9411764705882353,
        0.9375,
        0.9333333333333333,
        0.9285714285714286,
        1.0,
        1.0,
        1.0,
        1.0,
        1.0,
        1.0,
        1.0,
        1.0,
        1.0,
        1.0,
        1.0,
        1.0,
        1.0,
        1.0
      ],
      "recall": [
        1.0,
        1.0,
        1.0,
        1.0,
        1.0,
        0.9666666666666667,
        0.9333333333333333,
        0.9333333333333333,
        0.9,
        0.9,
        0.8666666666666667,
        0.8666666666666667,
        0.8333333333333334,
        0.8,
        0.7666666666666667,
        0.7333333333333333,
        0.7333333333333333,
        0.7,
        0.6666666666666666,
        0.6333333333333333,
        0.6,
        0.5666666666666667,
        0.5333333333333333,
        0.5,
        0.4666666666666667,
        0.43333333333333335,
        0.43333333333333335,
        0.4,
        0.36666666666666664,
        0.3333333333333333,
        0.3,
        0.26666666666666666,
        0.23333333333333334,
        0.2,
        0.16666666666666666,
        0.13333333333333333,
        0.1,
        0.06666666666666667,
        0.03333333333333333,
        0.0
      ],
      "thresholds": [
        0.15370994806289673,
        0.19337762892246246,
        0.2576909065246582,
        0.4476134777069092,
        0.5019253492355347,
        0.5240121483802795,
        0.533769965171814,
        0.5460603833198547,
        0.5519387722015381,
        0.5573017001152039,
        0.5587101578712463,
        0.559966504573822,
        0.5614112615585327,
        0.5949560403823853,
        0.6304836869239807,
        0.6371841430664062,
        0.6668546199798584,
        0.6718809008598328,
        0.683402955532074,
        0.7035387754440308,
        0.7162969708442688,
        0.721763551235199,
        0.7691892981529236,
        0.778298020362854,
        0.7845963835716248,
        0.8177281022071838,
        0.8318607211112976,
        0.8971978425979614,
        0.9022311568260193,
        0.9181452989578247,
        0.938849925994873,
        0.9463348388671875,
        0.9528473615646362,
        0.9557061791419983,
        0.9626065492630005,
        0.9659572243690491,
        0.9708384275436401,
        0.9874243140220642,
        0.9937295913696289
      ],
      "ap": 0.9566643042221069,
      "baseline": 0.7692307692307693
    },
    "optimal_threshold": 0.559966504573822
  }
}