{
  "num_classes": 2,
  "class_names": [
    "good",
    "bad"
  ],
  "binary": {
    "roc": {
      "fpr": [
        0.0,
        0.2,
        0.2,
        0.6,
        0.6,
        0.8,
        0.8,
        1.0,
        1.0
      ],
      "tpr": [
        0.0,
        0.0,
        0.2,
        0.2,
        0.6,
        0.6,
        0.8,
        0.8,
        1.0
      ],
      "thresholds": [
        Infinity,
        0.4761809706687927,
        0.1949709951877594,
        0.10763128101825714,
        0.09331871569156647,
        0.09149183332920074,
        0.07437466084957123,
        0.06773551553487778,
        0.061660610139369965
      ],
      "auc": 0.36000000000000004
    },
    "pr": {
      "precision": [
        0.5,
        0.4444444444444444,
        0.5,
        0.42857142857142855,
        0.5,
        0.4,
        0.25,
        0.3333333333333333,
        0.5,
        0.0,
        1.0
      ],
      "recall": [
        1.0,
        0.8,
        0.8,
        0.6,
        0.6,
        0.4,
        0.2,
        0.2,
        0.2,
        0.0,
        0.0
      ],
      "thresholds": [
        0.061660610139369965,
        0.06773551553487778,
        0.07437466084957123,
        0.09149183332920074,
        0.09331871569156647,
        0.09407180547714233,
        0.10763128101825714,
        0.13216346502304077,
        0.1949709951877594,
        0.4761809706687927
      ],
      "ap": 0.48,
      "baseline": 0.5
    },
    "optimal_threshold": Infinity
  }
}